1G6DM5EG0A0305964,Toyota,Avalon,Crimson,2002,FALSE
WDDPK4HA9DF161937,Kia,Sorento,Aquamarine,2007,FALSE
2T1KU4EE3BC130727,Mercedes-Benz,CLK-Class,Pink,2001,FALSE
5TFAW5F17FX961324,Hyundai,XG350,Orange,2002,TRUE
WA1VKBFPXAA374508,Mercedes-Benz,S-Class,Mauv,1987,TRUE
4T1BD1EB1DU752409,Ford,F150,Indigo,2009,FALSE
1G6AS5S39E0283060,Oldsmobile,Ciera,Goldenrod,1992,FALSE
1FMEU8FE7AU080959,Hyundai,Elantra,Khaki,1995,FALSE
WAUJT68E84A796301,GMC,Envoy,Turquoise,2006,FALSE
1FTSW2A58AE766248,Chevrolet,Citation,Teal,1980,TRUE
VNKJTUD38FA471928,Porsche,911,Turquoise,1995,TRUE
1GYUCAEF2AR228505,Mazda,MPV,Teal,1996,FALSE
5N1AA0NC7DN957492,Honda,Accord,Orange,1985,TRUE
5N1AN0NW1EN564670,Pontiac,Sunbird,Khaki,1985,TRUE
WA1C8BFP6DA385712,Acura,RDX,Mauv,2011,TRUE
JH4DC54813C737988,Nissan,300ZX,Orange,1991,TRUE
WAUKFAFL4DN454563,Toyota,Corolla,Goldenrod,1998,TRUE
SALVP2BG5FH359564,Volvo,S40,Pink,2005,FALSE
4T1BF3EK0AU317916,Ford,Explorer,Red,1991,FALSE
WAUEH74F08N712543,Austin,Mini,Blue,1963,FALSE
2G61M5S38F9560931,Jeep,Grand Cherokee,Crimson,2000,TRUE
WA1VMBFE3CD015754,Lincoln,MKX,Violet,2011,TRUE
WBAVB33566K781335,Maserati,Coupe,Puce,2006,TRUE
1FMCU9D75AK661308,Ferrari,F430,Khaki,2008,FALSE
1G4PR5SK0E4652600,Bentley,Azure,Goldenrod,2006,TRUE
WD3PE7DC0F5957926,Toyota,Echo,Pink,2003,FALSE
KNADH5A33A6273171,Lotus,Esprit,Teal,1990,FALSE
WA1LFAFP0CA688046,Nissan,370Z,Mauv,2012,FALSE
2T2BK1BA0BC558157,Dodge,Viper,Crimson,2009,FALSE
1FTEW1CW6AF129561,BMW,3 Series,Green,2007,FALSE
KNADM4A32F6689743,Honda,Passport,Orange,2002,FALSE
5N1CR2MMXEC868178,Suzuki,Forenza,Purple,2005,TRUE
1N6AF0LY2FN988458,Plymouth,Voyager,Mauv,1997,TRUE
WAUEFAFL9EN291360,Cadillac,Eldorado,Green,2000,FALSE
KNAFU5A25B5310658,Mercury,Cougar,Yellow,2002,TRUE
1N6AA0CH1DN058028,Honda,S2000,Pink,2000,FALSE
5N1AN0NU2CN223211,Land Rover,Range Rover,Yellow,1992,TRUE
TRUVD38J191979095,GMC,1500 Club Coupe,Teal,1994,TRUE
2T1BU4EE2DC722560,Chevrolet,Express 2500,Blue,2005,TRUE
2T1BU4EE0BC963143,Chevrolet,2500,Turquoise,1998,TRUE
WBAEH73465C584171,Chevrolet,Tracker,Orange,2001,FALSE
1G6DR57V380984894,GMC,Sierra 3500,Teal,2000,FALSE
2HNYB1H68DH237794,Ford,Contour,Purple,1998,TRUE
WA1CV74L87D612682,Dodge,Ram Van 1500,Pink,2001,TRUE
1G4GG5G31DF941530,Ford,Contour,Violet,1997,FALSE
5FPYK1F50EB711820,Chevrolet,G-Series G10,Maroon,1992,FALSE
1GYS4KEF8CR496116,Aston Martin,Vantage,Orange,2010,FALSE
WBAGL83544D776431,Infiniti,Q,Khaki,1993,TRUE
1C4RDHAG4FC779920,Ford,Escort,Puce,2000,FALSE
2G4GR5ER2D9539574,Land Rover,LR3,Blue,2009,FALSE
3LNHL2GC3BR015919,Mercedes-Benz,300SL,Red,1992,FALSE
2G4GV5GV4C9798619,Ford,Aerostar,Green,1989,FALSE
WBAYM9C56DD527961,Oldsmobile,Ciera,Crimson,1993,TRUE
WBA3G7C5XFK147493,Dodge,Avenger,Violet,2008,FALSE
KMHHT6KD4BU311502,Jeep,Cherokee,Indigo,1997,TRUE
JN8AE2KP5C9869600,GMC,Envoy,Blue,2004,FALSE
WBANB33594B813823,Buick,Regal,Red,1993,FALSE
WAUVC58EX5A009006,Audi,80,Crimson,1989,TRUE
1N6AF0LY5FN765198,Dodge,Stratus,Fuscia,1996,TRUE
55SWF4JB2FU353493,Suzuki,Swift,Yellow,1998,TRUE
1C4RDHDGXCC039120,Volkswagen,Eurovan,Teal,2000,TRUE
WAUHMBFC6EN524216,Mitsubishi,Outlander,Maroon,2005,TRUE
2LMDJ6JK6EB554635,Hummer,H1,Crimson,1993,FALSE
JM1NC2MF1E0192821,Chevrolet,Malibu,Khaki,2007,FALSE
1C3BC8EG1BN700723,Jeep,Patriot,Fuscia,2011,TRUE
2T1BURHE0EC064912,Fillmore,Fillmore,Orange,1960,FALSE
1N4AB7AP4EN885001,Audi,A3,Blue,2007,TRUE
JN8AZ1MU5DW455981,Chrysler,Voyager,Puce,2002,TRUE
WBAYE8C57DD516636,Mazda,B-Series Plus,Turquoise,1997,TRUE
JN1AZ4EH9EM958301,Infiniti,G35,Green,2006,FALSE
2G61V5S82F9273500,Plymouth,Laser,Goldenrod,1993,TRUE
1C4RDHDG2FC065053,Pontiac,6000,Goldenrod,1988,FALSE
WBASP4C53BC821661,Infiniti,M,Fuscia,1992,FALSE
1GYFC66808R052067,Toyota,Prius,Goldenrod,2001,TRUE
1FTEX1CM9DK982088,Chevrolet,Malibu,Green,2003,FALSE
1G6YX36D285373102,Infiniti,G,Purple,2000,TRUE
WAUEFAFL4BN501116,Lincoln,Navigator,Teal,2006,FALSE
1G6AK5S38D0215931,Porsche,Panamera,Teal,2011,TRUE
1G6DE5E51C0711038,Oldsmobile,Bravada,Orange,2003,FALSE
WBAWR3C57AP192497,Saab,09-May,Fuscia,2006,TRUE
WAUDK78T29A684248,Buick,Electra,Goldenrod,1989,TRUE
WA1AY94L18D784841,Subaru,SVX,Indigo,1994,FALSE
WA1CMAFP2EA621649,Suzuki,Grand Vitara,Teal,2011,TRUE
WBAEW53433P525255,Chevrolet,Corvette,Indigo,2009,TRUE
WP0AA2A88BU000891,Jeep,Commander,Puce,2007,FALSE
1C3CDZBG3DN830470,Pontiac,Grand Prix,Khaki,2002,FALSE
WAU4FAFR8AA150622,Maserati,Quattroporte,Maroon,2010,TRUE
1GTPCTEX9AZ669667,Dodge,Ram 2500,Mauv,1995,FALSE
1FM5K7B87FG348740,Dodge,Nitro,Aquamarine,2010,FALSE
5NPDH4AE3CH016020,Mercedes-Benz,E-Class,Crimson,1997,FALSE
YV126MFB0F2919642,Honda,Civic,Red,2002,FALSE
1G6DH5EY4B0761531,Mercedes-Benz,C-Class,Purple,2005,TRUE
1GYS3BEF3CR874071,GMC,1500 Club Coupe,Khaki,1996,FALSE
W04GN5EC8B1798626,Isuzu,Space,Blue,1992,TRUE
WAU3VAFR7CA395624,Volkswagen,Cabriolet,Khaki,1993,TRUE
WAUNF98PX6A256043,Chevrolet,Caprice,Pink,1983,TRUE
1G6AZ5SXXF0544633,GMC,Savana 3500,Red,2007,FALSE
JTHBK1GGXF2976682,Porsche,944,Fuscia,1987,TRUE
1J4NF1FB8AD027079,Dodge,Ram Wagon B350,Goldenrod,1992,FALSE
2C3CDXCT0CH253503,Dodge,Stealth,Maroon,1995,FALSE
WAUCFAFH6DN068937,Ford,LTD Crown Victoria,Violet,1984,FALSE
WAUUL68E35A723156,Hyundai,Tiburon,Turquoise,2006,TRUE
1C3BCBGG9DN895130,Chrysler,LHS,Aquamarine,1994,TRUE
5N1AL0MM8FC663571,GMC,Envoy XUV,Goldenrod,2005,TRUE
WBA5B1C50ED165296,Chevrolet,Astro,Orange,1995,TRUE
WAULD54BX2N616883,Mazda,RX-8,Blue,2007,FALSE
3D73Y4EL6AG976769,Oldsmobile,Bravada,Pink,1999,FALSE
JN8CS1MW9FM157012,GMC,Vandura 2500,Violet,1994,FALSE
5XYZT3LB1FG771485,Maserati,Coupe,Crimson,2006,TRUE
SCBZU25E61C258912,Volvo,C70,Goldenrod,2006,TRUE
KMHTC6AD8DU479559,Chrysler,300,Crimson,2005,FALSE
3C6LD4AT5CG259091,Hyundai,Tiburon,Red,2006,TRUE
WBAXA5C58ED298536,GMC,Savana 3500,Mauv,2000,FALSE
WP1AA2A28BL731768,Ford,Explorer,Yellow,1998,FALSE
JN1AZ4EH9FM252642,Saab,9000,Violet,1995,TRUE
3D73Y4HL8BG638920,Dodge,Caravan,Fuscia,2005,TRUE
1G6DK5EY9B0298576,Subaru,Brat,Orange,1985,TRUE
1FTSX2A5XAE247621,Dodge,Neon,Yellow,2005,TRUE
5GADV33127D001034,Oldsmobile,Ciera,Red,1992,TRUE
WAUKF68E25A688477,Volkswagen,riolet,Aquamarine,1993,FALSE
WBAPH7C51BA187752,Toyota,Tacoma Xtra,Aquamarine,2002,TRUE
1G6DP8EVXA0808909,Lexus,ES,Orange,1995,TRUE
3FADP0L36BR573240,Porsche,911,Orange,2005,TRUE
WBAPH5C51AA458392,BMW,5 Series,Aquamarine,2010,FALSE
JTHFF2C2XE2263205,Aston Martin,V12 Vantage,Orange,2011,FALSE
1GYS3GKJ6FR530678,Acura,TL,Crimson,2011,FALSE
1N6AF0LY3EN461379,BMW,Alpina B7,Blue,2008,FALSE
3N1AB6AP7AL852026,Scion,tC,Indigo,2006,TRUE
WBAEV33425K786528,Volkswagen,Jetta,Mauv,1997,FALSE
19XFB4F20DE682167,Lincoln,Navigator L,Teal,2011,TRUE
JHMFA3F27BS169844,Mercedes-Benz,E-Class,Maroon,2011,TRUE
5J6TF1H32AL502759,Acura,RL,Crimson,2010,FALSE
1G6DL5E31C0299000,Chrysler,Sebring,Pink,2001,TRUE
5NPDH4AE3DH842836,Ford,Bronco,Violet,1992,TRUE
WVWED7AJ6BW532945,Mercedes-Benz,R-Class,Puce,2009,TRUE
1D7RW3BKXBS413224,Maybach,62,Yellow,2010,FALSE
1GYFK13289R780727,Maserati,430,Violet,1991,FALSE
WBAUN7C51DV901872,Land Rover,Range Rover,Aquamarine,1992,TRUE
YV1902AH9C1844540,Dodge,Ram Van B150,Maroon,1993,FALSE
2G4GS5EKXC9892330,Toyota,Camry Hybrid,Red,2011,TRUE
TRUTC28N921617187,BMW,5 Series,Blue,2012,FALSE
WA1DGAFE5CD572923,Cadillac,Fleetwood,Teal,1994,FALSE
YV4902DZ8E2308280,Mercury,Grand Marquis,Yellow,2010,FALSE
SAJWA4DC5DM802594,Jaguar,XF,Teal,2012,FALSE
1FTWF3D51AE887691,Ford,Expedition EL,Khaki,2007,FALSE
SCFBF04B18G166180,Chevrolet,Lumina,Goldenrod,2001,FALSE
5N1AN0NU4AC829120,MINI,Cooper,Red,2010,TRUE
JM3TB2CA2F0924849,Land Rover,Range Rover,Yellow,2004,FALSE
WDCYC3HF4DX758936,Toyota,Prius,Yellow,2005,TRUE
1C3CCBCG0EN227647,Eagle,Summit,Teal,1992,TRUE
1VWAP7A30EC275873,GMC,Yukon XL 1500,Green,2011,FALSE
JN8AF5MR1BT984404,Mitsubishi,Endeavor,Mauv,2008,TRUE
WP1AA2AP2AL430553,Suzuki,X-90,Pink,1997,FALSE
SCFAB01EX9G801274,Mazda,Navajo,Indigo,1993,TRUE
WBA6B8C54FD030675,Kia,Optima,Violet,2006,FALSE
WVGAV7AX9AW777779,Mercedes-Benz,S-Class,Mauv,1993,FALSE
JH4KC1F36EC022175,Mercedes-Benz,500E,Red,1992,TRUE
1D7RW3GK8BS174667,Honda,Odyssey,Purple,2008,TRUE
3FA6P0SU0DR299913,Dodge,Ram 3500,Turquoise,2003,TRUE
5J6TF2H57EL692250,Mazda,929,Orange,1994,TRUE
WBAKX6C51BC063900,Chevrolet,Express 2500,Khaki,1998,FALSE
1FTNS1EW5AD992100,Volkswagen,Golf,Indigo,1984,FALSE
WBAYE8C50FD295433,GMC,Savana 2500,Goldenrod,2008,FALSE
SALVN2BG6FH274058,Volkswagen,GTI,Teal,2001,TRUE
1C3BC1FB9BN052087,Maybach,62,Mauv,2006,TRUE
3C4PDDAG0ET574856,Mercedes-Benz,W201,Blue,1991,TRUE
WBA3N3C5XFK990270,Kia,Sorento,Indigo,2008,TRUE
1G6AX5SX0E0088260,Ford,E150,Mauv,2004,TRUE
WAUEFAFL1AN898752,Subaru,Impreza,Yellow,1993,TRUE
WDDHF0EB2EA819000,BMW,M5,Goldenrod,2003,TRUE
2T1BU4EE0DC483414,Cadillac,Eldorado,Violet,1992,TRUE
WAUDH98E68A533729,Audi,S5,Maroon,2010,FALSE
3LN6L2LU9ER841118,Audi,5000CS,Purple,1988,TRUE
WBAPT7C53AC845041,Audi,A4,Fuscia,2008,TRUE
WAUGN74F89N595345,Honda,Prelude,Green,1997,FALSE
3FAHP0HA2AR977191,Nissan,Cube,Fuscia,2012,FALSE
4T1BF3EK9BU333307,Ford,Excursion,Purple,2005,FALSE
1N6AF0KX0FN566147,Chrysler,300,Khaki,2009,TRUE
WAUML44E66N495609,Mazda,MPV,Orange,1997,TRUE
1GD11ZCGXDF112060,Ford,Expedition,Teal,2008,TRUE
JTEBC3EH4D2079498,Infiniti,FX,Maroon,2011,TRUE
1G6KD57Y44U464769,BMW,1 Series,Teal,2011,TRUE
3VW517AT2EM769069,Honda,CR-V,Pink,2005,FALSE
WBAKE5C51BE114168,Mercury,Mariner,Khaki,2006,FALSE
2HNYD18286H289789,Subaru,Legacy,Goldenrod,1996,TRUE
3C3CFFER1DT170807,Nissan,Maxima,Teal,2010,FALSE
2HNYD18271H043213,Hyundai,Accent,Purple,2012,FALSE
1FTSW3B58AE886409,Jaguar,XJ,Red,2009,TRUE
JH4KB16587C071725,Dodge,Grand Caravan,Maroon,1992,TRUE
JN8AZ2KR5DT560042,Buick,Electra,Teal,1985,TRUE
WA1YD64B02N568822,Pontiac,Grand Prix Turbo,Yellow,1990,FALSE
WDDJK7DA5EF994472,Hyundai,Elantra,Violet,1994,FALSE
4T1BD1EB8FU604468,GMC,Envoy,Pink,1999,FALSE
WAUCFAFR4DA876400,Cadillac,Seville,Purple,2000,TRUE
WAUEL74F76N882202,Dodge,Ram 3500,Turquoise,2006,FALSE
WBABD33426J023227,Volvo,850,Red,1995,FALSE
WVWED7AJ8BW317549,Dodge,Dakota,Blue,1998,TRUE
19VDE1F54EE381970,Lexus,LX,Pink,2001,FALSE
3VW1K7AJ3FM015173,Jaguar,X-Type,Khaki,2006,FALSE
YV1902AH6B1787700,Honda,Insight,Orange,2001,TRUE
3C6TD5LT5CG864229,Kia,Sorento,Blue,2005,FALSE
WBSBL93424J834301,Buick,Coachbuilder,Turquoise,1991,TRUE
1FTSW2B50AE974641,Honda,del Sol,Khaki,1993,TRUE
JTDKTUD34DD576782,GMC,Sierra 1500,Puce,2003,FALSE
WA1YD54B92N721384,Dodge,Ram 3500,Maroon,2006,FALSE
WBA4B3C54FD446493,Pontiac,Aztek,Violet,2003,FALSE
WA1CV74L07D425789,Ford,Five Hundred,Teal,2007,TRUE
WAUHFAFL6EN049865,Mitsubishi,Lancer,Teal,2011,TRUE
JM1NC2LF8C0785719,Mercedes-Benz,400E,Khaki,1993,FALSE
1G6AB5SX2F0574598,Aston Martin,V8 Vantage,Aquamarine,2012,TRUE
1GKS1AKC9FR631549,Lamborghini,Gallardo,Maroon,2011,TRUE
1N6AF0KX0EN715672,Dodge,Avenger,Aquamarine,1995,FALSE
SCBZB25E52C773410,Mercury,Marquis,Crimson,1984,TRUE
3D7TP2CT1BG293177,Chevrolet,Lumina,Green,1995,FALSE
5TFBW5F1XDX545530,Chrysler,Aspen,Yellow,2008,TRUE
WAUHFAFLXAA850686,Land Rover,Range Rover,Aquamarine,2010,FALSE
WBABW53475P557096,Dodge,Viper RT/10,Orange,1993,FALSE
KM8NU4CC7BU271698,Mercedes-Benz,G-Class,Indigo,2011,TRUE
JH4CU2F42CC797800,Mercury,Mountaineer,Mauv,1999,TRUE
1C6RD7PT4CS121277,Ford,Ranger,Pink,2004,TRUE
1N6AF0LYXFN330144,Kia,Sportage,Yellow,2009,FALSE
4F2CY0C79AK327369,Buick,Regal,Green,1986,TRUE
4F2CY0C77BK515633,Bentley,Continental GT,Goldenrod,2012,FALSE
JTHBK1EG9A2376716,Cadillac,XLR-V,Blue,2007,FALSE
5UMCL93432L791094,Ford,F-Series,Orange,2011,TRUE
WAUBH74FX8N384082,Volkswagen,Jetta,Blue,1998,FALSE
3D7JV1EP6BG753439,Mercury,Cougar,Green,1969,FALSE
JTDKTUD37ED593688,Toyota,Celica,Teal,2002,TRUE
3C63D3FL0CG369064,Suzuki,XL-7,Crimson,2005,FALSE
WAUVT68E23A085595,Mazda,B-Series Plus,Pink,2002,TRUE
3D7TT2CT0BG864539,Infiniti,QX56,Fuscia,2007,TRUE
2T1BURHE1FC961271,Isuzu,Hombre,Khaki,1997,FALSE
WBA3B5C55EP346617,Pontiac,Bonneville,Violet,1989,FALSE
3N1CN7AP8FL457267,Jaguar,X-Type,Mauv,2005,TRUE
1C6RD6KP4CS692353,Mercedes-Benz,G-Class,Pink,2004,FALSE
1N6AA0CC8DN439217,Pontiac,Sunfire,Red,2001,TRUE
WDDGF4HB2DR932430,Honda,Accord Crosstour,Blue,2011,TRUE
2T1BURHE6EC807895,Lexus,ES,Orange,2004,FALSE
WBAFR7C5XCC161343,Pontiac,Grand Prix,Blue,2007,FALSE
1N4AL2AP9BC854589,Mitsubishi,Space,Maroon,1984,TRUE
5TDBK3EH3AS373339,Hummer,H1,Puce,1995,FALSE
1G6KD54Y85U227465,Ford,Mustang,Mauv,1999,TRUE
TRUUT28N231055106,Honda,Ridgeline,Teal,2007,TRUE
WAUJC58E22A769246,Ford,Expedition EL,Mauv,2009,TRUE
WDDUG7JB0EA358261,MINI,Clubman,Aquamarine,2009,FALSE
WAUML64B14N692296,GMC,1500 Club Coupe,Blue,1998,TRUE
1G4GE5EV5AF404858,Saturn,Aura,Pink,2009,TRUE
JTDBT4K32B4689923,Mercedes-Benz,R-Class,Khaki,2009,TRUE
KNAFT4A22A5961175,Nissan,Quest,Turquoise,1994,TRUE
3D7TP2CT6AG738284,Mercury,Sable,Blue,2000,FALSE
1G6AR5SX5E0810560,Kia,Spectra,Fuscia,2009,FALSE
WBAUP7C54BV594396,Dodge,Ram Van 2500,Aquamarine,2001,FALSE
1G6KE54Y32U048159,Ford,Escort,Yellow,1987,FALSE
JH4CU25659C210789,Kia,Sedona,Khaki,2006,FALSE
5N1CR2MM3EC144140,Toyota,MR2,Teal,1987,FALSE
1D4RD5GG2BC046929,Suzuki,Sidekick,Crimson,1993,TRUE
2C3CCABG0FH729872,BMW,745,Mauv,2004,FALSE
1G4HE57Y06U118446,Dodge,Durango,Maroon,2005,FALSE
WBAUP73539V143762,Lexus,IS F,Aquamarine,2008,FALSE
1FTSF3B5XAE577816,Ford,F150,Orange,2003,TRUE
JTHBL5EF7A5966813,Cadillac,Seville,Indigo,1996,FALSE
SAJWA4GB7FL841926,GMC,1500 Club Coupe,Crimson,1996,TRUE
3VWJX7AJ2AM653263,Mercury,Cougar,Yellow,1995,FALSE
4T1BD1EB0EU222675,GMC,Sierra,Goldenrod,2012,TRUE
WAUGN74F97N797088,Mazda,MPV,Red,2000,TRUE
KNALN4D75F5777179,Mazda,RX-7,Pink,1995,FALSE
3D73M4CL6AG327441,GMC,Sierra 2500,Fuscia,1999,FALSE
JH4KC1F99EC615047,Volkswagen,Eos,Violet,2008,FALSE
4A31K3DTXCE203812,Nissan,300ZX,Teal,1991,TRUE
SALAK2V62FA470744,Mercedes-Benz,S-Class,Blue,2001,FALSE
1VWAH7A35DC719664,Mercedes-Benz,S-Class,Purple,1998,FALSE
1GT01ZCG8EF996064,Ford,Ranger,Crimson,2003,FALSE
KL4CJCSB9FB107033,Toyota,Solara,Turquoise,2007,TRUE
5BZBF0AA2EN322681,GMC,Yukon,Crimson,1996,FALSE
WAUGFAFR6DA568906,Ford,E350,Red,2008,TRUE
WAUVVAFRXAA496887,Mitsubishi,Cordia,Teal,1984,TRUE
WDDHF5KB1FB111592,Subaru,Legacy,Maroon,1989,FALSE
1G4HF57968U644444,Aston Martin,Rapide,Pink,2010,TRUE
WAUKF78E46A787289,Ford,Courier,Goldenrod,1987,FALSE
WAUGGAFC5CN581968,Acura,RL,Fuscia,2007,FALSE
WAUAF98E37A988433,Chrysler,Town & Country,Teal,2012,FALSE
3C3CFFAR7ET277691,Volvo,S40,Purple,2009,FALSE
KMHCT4AE3CU182078,Chevrolet,Venture,Maroon,1999,TRUE
1G4GD5EG9AF175623,Ford,Explorer,Green,2011,FALSE
1FTFW1E89AK267279,Mitsubishi,Truck,Puce,1994,TRUE
JTHBL5EF4F1080852,Ferrari,458 Italia,Aquamarine,2010,FALSE
JN8AS5MT6CW607476,Buick,Rendezvous,Mauv,2004,TRUE
WBA3T7C5XFP641254,Land Rover,LR2,Orange,2009,FALSE
JTHBE5C23D5042609,Audi,Quattro,Violet,1994,FALSE
2G4WE587771451169,Hyundai,Tiburon,Blue,2006,FALSE
NM0KS9AN3AT641934,Buick,LaCrosse,Goldenrod,2006,FALSE
WAURVAFA9AN501212,Volvo,V90,Indigo,1997,TRUE
WAUML54B83N729479,Mitsubishi,Eclipse,Orange,2008,TRUE
JTDKTUD35ED997685,Honda,Accord,Yellow,1997,TRUE
1C6RD6MT5CS074128,Volvo,V40,Goldenrod,2000,TRUE
4T1BF1FK1EU606277,BMW,3 Series,Red,1999,TRUE
JN1CV6AP0CM202172,Eagle,Summit,Green,1995,FALSE
WBSKG9C57DE976780,Ford,F350,Orange,2007,TRUE
1G4PS5SK6F4055411,Ford,Bronco II,Maroon,1987,TRUE
1G6KE54Y63U090844,Pontiac,Grand Prix,Yellow,1992,TRUE
1G6KF54912U583643,Chevrolet,Silverado,Blue,2009,TRUE
1G6KD57Y77U715711,Mitsubishi,Galant,Fuscia,2008,TRUE
SCFEBBCFXCG406148,Volvo,S40,Fuscia,2006,FALSE
1VWAH7A32EC220905,Chevrolet,Astro,Teal,1997,FALSE
JTDKTUD3XED582782,Lincoln,MKZ,Orange,2007,FALSE
1GYS3JEF7ER462040,Mazda,CX-9,Goldenrod,2011,FALSE
JH4CU4F40BC563374,Dodge,Viper,Goldenrod,1999,FALSE
2G4GK5EX4F9026932,Toyota,RAV4,Violet,1998,FALSE
WBAGN63474D266659,GMC,Sierra 1500,Violet,2003,FALSE
WBAWL13587P106547,Dodge,Durango,Green,2007,FALSE
SALGS2DF4DA732398,Mercury,Sable,Mauv,2000,FALSE
WVWED7AJ6CW183531,Hummer,H3,Violet,2008,TRUE
WA1AV94L79D695480,Porsche,944,Pink,1983,TRUE
WAUKG78E45A878509,Lexus,SC,Indigo,2005,FALSE
YV440MBC9F1877988,Chevrolet,Cavalier,Yellow,2005,TRUE
JN8AZ1MU6CW186341,Mitsubishi,Tredia,Khaki,1984,TRUE
1HGCR2F33DA983239,Toyota,Sienna,Pink,2004,FALSE
WAUVFAFH2DN712460,Porsche,911,Puce,2012,TRUE
19UUA56783A176052,Nissan,Cube,Purple,2012,FALSE
1GTN1TEX6BZ903603,Chevrolet,Camaro,Blue,1979,FALSE
1GKS1GKC0FR750769,GMC,Yukon XL 1500,Turquoise,2001,FALSE
1G4PR5SK3F4936787,Ford,F-Series,Goldenrod,1986,FALSE
1G6AA5RX7D0900661,Mitsubishi,GTO,Teal,1994,FALSE
3N1AB6AP5AL643092,Ford,Tempo,Green,1991,FALSE
JA32X8HW1CU860089,Tesla,Roadster,Aquamarine,2011,TRUE
1G6DM8ED4B0750183,Saab,9000,Purple,1996,TRUE
WAUML64B73N909056,Chrysler,Cirrus,Yellow,1998,FALSE
2G4WC582191647525,Ford,Escort,Goldenrod,1990,FALSE
WBAYM9C56ED700699,Mazda,B-Series,Pink,2008,FALSE
1ZVBP8AM2D5728798,Dodge,Ram Van 2500,Green,1999,FALSE
1FTWW3CY4AE292930,GMC,Vandura 2500,Crimson,1993,FALSE
1FMJK1JT2FE213811,Toyota,Previa,Khaki,1996,TRUE
JN8AF5MR1ET594780,Chevrolet,Silverado,Crimson,2009,FALSE
SALAB2D40CA841072,BMW,5 Series,Mauv,2007,FALSE
2HKRM3H37FH695813,Dodge,Stratus,Goldenrod,1999,TRUE
KL4CJBSB5FB853893,Pontiac,GTO,Green,1970,FALSE
WBADS43482G404592,Chevrolet,Corvette,Red,1989,FALSE
1GD422CG8EF974941,Mercedes-Benz,500SEC,Teal,1993,TRUE
1G6KD57Y63U540586,BMW,3 Series,Yellow,2007,FALSE
WAUDG78E06A299057,Lotus,Exige,Blue,2008,TRUE
1G4GJ5G32DF956992,Cadillac,DeVille,Puce,2004,TRUE
2CTALBEW6A6112352,Subaru,Leone,Red,1987,FALSE
3D4PH6FV7AT253837,Maybach,57,Green,2008,FALSE
19XFB2E52FE747734,Mercedes-Benz,SL-Class,Red,2003,TRUE
SCFFDAAE0BG033350,Holden,VS Commodore,Mauv,1996,TRUE
WAU4GBFB8AN897703,Subaru,Leone,Turquoise,1988,FALSE
5N1AN0NU5AC888841,Nissan,Armada,Red,2010,TRUE
YV1612FS0E1108660,Audi,Coupe GT,Purple,1987,FALSE
JN8AZ2KR9CT505494,Porsche,911,Yellow,1989,TRUE
WAUKH98E06A075089,Jeep,Grand Cherokee,Mauv,1993,TRUE
1G4HR54K034937456,Pontiac,Grand Am,Blue,2005,TRUE
5TFBW5F19BX448073,Buick,Riviera,Green,1979,FALSE
1D7CW2GK5AS076369,Ford,F350,Aquamarine,1995,FALSE
1GYFK63898R379011,Chevrolet,Prizm,Aquamarine,1998,FALSE
5N1AN0NW2FN109702,Toyota,Camry Hybrid,Orange,2009,TRUE
2G4WC582461288814,Mazda,RX-7,Turquoise,1986,FALSE
1GTPCTEX2AZ565814,Kia,Optima,Teal,2011,FALSE
5TDBCRFH8FS968029,BMW,M6,Mauv,2010,FALSE
SCFAD01A25G267754,Geo,Tracker,Fuscia,1994,FALSE
WP0CB2A86FS126979,Hummer,H1,Violet,2000,FALSE
WAUVT58E65A052127,Nissan,Quest,Blue,2008,TRUE
JA4AP3AU4BZ403880,Saab,09-Mar,Orange,2011,FALSE
1N6AA0CJ1FN223209,Dodge,Neon,Mauv,2001,TRUE
1G6DV5EPXC0858668,GMC,Yukon XL 1500,Crimson,2008,FALSE
5J6YH1H33BL871633,Austin,Mini,Indigo,1959,FALSE
WAUJT54B63N537075,Ford,E250,Orange,2004,FALSE
1D7RW2BK7AS508252,Mazda,MX-5,Yellow,1991,FALSE
SCFFDCCD6CG031703,Audi,A3,Yellow,2009,FALSE
SAJWA8JH3EM238498,Pontiac,Montana,Mauv,2003,TRUE
3MZBM1K77EM135474,Audi,Coupe GT,Maroon,1986,FALSE
1GYFK43858R849135,Ford,Escort,Green,1997,TRUE
WBAPT73528C157770,Audi,A6,Pink,2001,TRUE
2T1BURHE8FC533245,Nissan,Altima,Yellow,2005,FALSE
1G6AB5R33F0331336,Mercury,Tracer,Khaki,1999,TRUE
3D7TP2CT3BG408944,Honda,Pilot,Fuscia,2002,TRUE
5UXKU6C50F0474786,Rolls-Royce,Ghost,Red,2011,TRUE
WBAPM73529A943093,Infiniti,FX,Red,2008,TRUE
KNAFT4A22C5471743,Acura,RDX,Puce,2012,TRUE
1G6KD57Y19U603702,Toyota,Tacoma,Blue,1997,TRUE
WBA3X5C54ED997174,Land Rover,Range Rover Sport,Blue,2009,FALSE
JN1BJ0HP6DM713493,Mercedes-Benz,E-Class,Khaki,2011,TRUE
3GYFNEEY1AS114326,Mercury,Lynx,Mauv,1986,FALSE
1D7RE3GK8AS768970,Kia,Optima,Yellow,2003,FALSE
JHMZF1D6XES933876,Pontiac,Firefly,Violet,1987,TRUE
YV140MEB9F1960725,Chevrolet,1500,Khaki,1997,TRUE
1GD02ZCG8BZ853828,Nissan,370Z,Maroon,2011,FALSE
WAUDFBFC0CN090333,Dodge,Ram 50,Fuscia,1993,FALSE
WBXPA934X5W154897,Cadillac,Eldorado,Fuscia,2002,FALSE
JTHFE2C21A2954927,Chevrolet,G-Series G10,Teal,1993,TRUE
2C3CDZFJ5FH149583,BMW,8 Series,Crimson,1995,FALSE
WAUEH64B51N964026,Maybach,62,Crimson,2009,FALSE
1G4GA5EC2BF498578,Jeep,Liberty,Teal,2005,FALSE
JTHBL5EFXB5514288,Oldsmobile,Bravada,Blue,1997,TRUE
WBA3V9C59F5959805,Cadillac,Eldorado,Violet,1994,FALSE
WBAEV33475K243563,Plymouth,Prowler,Khaki,1999,FALSE
WAUHF78PX6A968618,Volkswagen,Passat,Purple,2008,FALSE
1G4GA5GC5BF154532,Suzuki,Esteem,Turquoise,2001,FALSE
3D7LP2ET7AG054955,Toyota,Tacoma,Maroon,2010,TRUE
1C3CDFEB0FD888866,Ford,F250,Yellow,1996,TRUE
WAULFAFR5CA467949,Toyota,Sequoia,Turquoise,2006,FALSE
1GD11XEG1FF327329,Infiniti,M,Aquamarine,2007,TRUE
19UUA66207A250595,Suzuki,Daewoo Lacetti,Fuscia,2007,FALSE
WBA3N3C50FK515565,Mercedes-Benz,SLS AMG,Goldenrod,2011,FALSE
1FTMF1EW0AK111329,Honda,Ridgeline,Aquamarine,2010,TRUE
3VWPG3AG7AM629564,Pontiac,Bonneville,Green,1968,TRUE
WAURGAFD1EN781038,Porsche,Boxster,Goldenrod,2003,FALSE
3D7LT2ETXAG026577,Maserati,Quattroporte,Khaki,2009,TRUE
19UUA8F28DA350144,Volvo,V70,Blue,2000,TRUE
WBAPM735X9E140430,Infiniti,I,Violet,2002,FALSE
WBAYA8C54FG522164,Toyota,Echo,Puce,2005,FALSE
2C3CA4CD0AH562921,GMC,Savana Cargo Van,Crimson,2006,TRUE
5N1AZ2MG2FN575480,Buick,Regal,Purple,1999,TRUE
2LMDJ6JK6BB227809,Audi,Allroad,Puce,2004,TRUE
1D7RE5GK2AS679052,GMC,Envoy,Teal,1998,FALSE
WDDHF2EB6CA324291,Toyota,Land Cruiser,Yellow,1997,FALSE
KMHEC4A48EA913849,Pontiac,Grand Prix,Maroon,1966,TRUE
1FTSW2B50AE011125,Mercedes-Benz,G-Class,Puce,2008,FALSE
WAU4FAFR9BA874174,Chevrolet,S10 Blazer,Teal,1993,TRUE
JM1CW2BL8E0684947,Acura,CL,Turquoise,1997,TRUE
1G6AM5S39D0786869,Infiniti,QX,Teal,1997,FALSE
2D4RN5D17AR331399,Suzuki,Swift,Violet,1996,TRUE
1G6KD57Y19U286293,Volkswagen,R32,Indigo,2009,TRUE
WBAEK13517C364317,Cadillac,STS,Orange,2008,FALSE
WAUKH78E48A276176,Austin,Mini Cooper S,Teal,1963,TRUE
WBAEV33493K610671,Ford,Crown Victoria,Blue,2004,FALSE
WBAEB5C52AC101266,Chrysler,LeBaron,Violet,1995,FALSE
WAUFFAFL9DA200940,Mazda,MX-5,Aquamarine,1992,FALSE
3N6CM0KN6EK378167,Dodge,Ram Van 1500,Yellow,1995,TRUE
1G6DV57V380700630,Volkswagen,New Beetle,Yellow,2008,TRUE
SCFAD06D29G581915,Ford,Mustang,Khaki,2005,TRUE
3FA6P0SUXDR547679,Ford,Taurus,Yellow,1995,TRUE
WAUDH98E96A561795,Aptera,Typ-1,Violet,2008,FALSE
1YVHZ8BH9A5822353,Dodge,Ram,Teal,2011,FALSE
1N6AA0CC5AN929402,Audi,90,Mauv,1991,FALSE
WA1DGBFE7DD004857,Chrysler,300,Green,2007,TRUE
WAUBVAFB6AN616957,Nissan,Leaf,Purple,2011,FALSE
1FMCU0F73EU097015,Mazda,B-Series,Maroon,1990,FALSE
WAUEFAFL3CN247593,Chevrolet,Caprice,Pink,1996,FALSE
KNAFK4A66F5545868,Daewoo,Leganza,Mauv,1999,TRUE
2C3CDXJG8FH237012,Porsche,Cayenne,Maroon,2008,FALSE
3D7TP2CT0BG405838,Jeep,Wrangler,Puce,1999,TRUE
1N4AB7AP4DN886650,Mercury,Sable,Orange,1986,FALSE
WAUXL58E34A339965,Nissan,Frontier,Mauv,1998,FALSE
2T1BURHE1EC907242,Mitsubishi,Eclipse,Goldenrod,1998,FALSE
WAUAFAFH7BN881269,Saab,900,Aquamarine,1990,FALSE
WBA4B3C59FD125503,Chevrolet,Suburban 1500,Violet,1999,TRUE
KMHCT4AE5CU156050,Chevrolet,Caprice Classic,Blue,1995,FALSE
3N1AB6AP4AL598100,Chevrolet,Impala,Yellow,2001,TRUE
2C3CCAHG3CH591795,Mazda,929,Mauv,1989,FALSE
1C3CDFBA6DD976460,Mazda,Miata MX-5,Red,2010,TRUE
JH4CL95895C177237,Dodge,Charger,Violet,1999,FALSE
WAUFFAFL1FN193932,Mazda,B-Series Plus,Goldenrod,1994,TRUE
1GYUKHEF1AR595861,Subaru,Leone,Goldenrod,1987,FALSE
3D7TT2CT6AG017216,Acura,TSX,Khaki,2009,TRUE
WAUDGBFL4DA397803,Ferrari,612 Scaglietti,Fuscia,2007,TRUE
1N6AA0CC6AN244132,Toyota,Camry,Violet,2003,FALSE
3VW4S7AT8EM663590,Saab,900,Crimson,1994,FALSE
JH4DC54852C588662,Subaru,Impreza WRX,Mauv,2011,TRUE
1GTN1TEX0CZ567643,Infiniti,EX,Teal,2011,TRUE
JTDKN3DP2D3192318,Aston Martin,V12 Vantage,Maroon,2012,FALSE
WBAYE8C51ED559063,Saturn,VUE,Mauv,2010,FALSE
5UXFA53523L024846,Toyota,4Runner,Aquamarine,2010,TRUE
WBAXH5C58DD413792,GMC,Yukon,Orange,2003,TRUE
1GD021EG7FZ334029,Volkswagen,Passat,Mauv,1986,FALSE
1YVHZ8BH1B5516684,Honda,CR-V,Purple,2010,TRUE
WBA3B5C56FP948282,Chrysler,Town & Country,Purple,2009,FALSE
WAUKF78E58A101943,Chevrolet,Corvette,Teal,1964,TRUE
1N6BF0KM6FN769957,Dodge,D250 Club,Indigo,1993,TRUE
2HKRM3H38EH763244,Hummer,H2,Maroon,2007,TRUE
WAUAGAFD8EN764492,Lincoln,Continental Mark VII,Blue,1986,FALSE
WBAEA535X9C924879,Honda,Civic,Maroon,1996,TRUE
2B3CK2CV3AH172841,Honda,Ridgeline,Fuscia,2010,FALSE
1G6KS54Y03U650625,Nissan,Frontier,Teal,2008,TRUE
WUADUAFG2EN517815,Mitsubishi,Lancer Evolution,Fuscia,2002,FALSE
3N1CN7AP0FL074987,Chevrolet,Suburban,Green,2011,FALSE
YV4852CZ0B1132051,Chevrolet,Prizm,Puce,2001,TRUE
1FTMF1EW6AF568865,Hyundai,Veracruz,Green,2012,TRUE
1G6DL8EV7A0403974,Chevrolet,Corsica,Purple,1996,FALSE
WAUET48HX6K283483,Chevrolet,Astro,Turquoise,1998,TRUE
1FTFW1E87AK193344,Mitsubishi,Endeavor,Fuscia,2009,FALSE
WAUSH94F18N324283,Honda,Prelude,Pink,1995,TRUE
JTHFE2C22A2010957,Toyota,Truck Xtracab SR5,Red,1989,FALSE
WA1YD54B02N166325,GMC,Savana 2500,Fuscia,2008,FALSE
WAUBFAFL7FN963470,Dodge,Ram 2500,Violet,1998,FALSE
1GD220CG9CZ147327,Ford,Bronco,Khaki,1994,TRUE
3D73M4CLXBG441041,Chrysler,Concorde,Red,1997,FALSE
1G6KD54Y01U316439,Isuzu,i-Series,Violet,2006,FALSE
2C3CCAEG8DH284905,Ford,F-Series Super Duty,Pink,2010,FALSE
WBA3T3C52EP298768,Chevrolet,Express 3500,Maroon,2010,FALSE
3FA6P0LU8ER119934,Mitsubishi,Starion,Teal,1985,FALSE
4T3BA3BB5FU390023,Jaguar,XJ,Violet,2007,FALSE
3D7TT2CT0BG405205,BMW,325,Turquoise,2004,FALSE
WBAYA6C51DC024061,Chrysler,Sebring,Fuscia,2002,TRUE
WBA3C1G59DN490407,Dodge,Dakota,Indigo,2008,FALSE
WAULT68E33A259956,Oldsmobile,Cutlass Cruiser,Green,1993,TRUE
1LNHL9EK1FG324790,Pontiac,Bonneville,Blue,1966,FALSE
5LMJJ2J52EE694362,Volvo,S80,Maroon,2009,FALSE
WBAYB6C54FD880660,Acura,TL,Red,1998,TRUE
WBA3C3C52EK835667,BMW,X6,Maroon,2008,FALSE
WBALZ3C51CC667459,Kia,Spectra,Green,2002,FALSE
1GKS1EEF7DR739744,Mazda,626,Teal,2002,FALSE
WBAYE8C5XFD147676,Acura,TL,Turquoise,2008,FALSE
WBAWB33597P578657,Volkswagen,Fox,Blue,1989,FALSE
5FNYF3H21BB173457,Mitsubishi,Montero,Orange,2006,TRUE
WA1AY74L87D169304,Maybach,57,Goldenrod,2010,FALSE
WAULT58E25A473396,Lincoln,Navigator L,Puce,2012,TRUE
SCFAD01E09G955180,Hyundai,Entourage,Yellow,2007,TRUE
WBAAV33461F296529,Saab,09-May,Blue,2010,TRUE
WBA3C1C54CF125504,Mazda,MX-3,Blue,1995,FALSE
2C3CDXCT2CH165259,Toyota,Prius v,Aquamarine,2012,TRUE
KMHGC4DD6DU759997,GMC,Canyon,Puce,2008,TRUE
WAUZL64B01N990808,GMC,Sierra 2500,Yellow,2009,FALSE
1C6RD7NT0CS703623,Mitsubishi,Challenger,Yellow,1998,TRUE
SCFFBCCD8BG111444,Hyundai,Sonata,Mauv,1993,FALSE
SAJWA4GB9FL514279,Ford,Ranger,Orange,2007,TRUE
1D4RE4GG8BC187317,Ford,F-Series,Fuscia,1988,TRUE
1FTEW1E87AF567276,Porsche,Cayman,Mauv,2008,TRUE
1C3BC7EG3BN307591,Hummer,H1,Violet,2004,TRUE
WBAEP33494P037964,Mazda,626,Red,1988,FALSE
WA1YD64B74N139597,Ford,Transit Connect,Mauv,2012,TRUE
WUADUAFG7EN950899,Ford,Bronco II,Pink,1988,TRUE
WAUML64B54N076780,Porsche,Boxster,Yellow,2007,FALSE
1G4CW54K844860422,Dodge,Caravan,Fuscia,1999,FALSE
WUADU98E28N906517,Buick,LeSabre,Turquoise,1996,TRUE
1FMJK1H58DE956686,Mitsubishi,Galant,Khaki,1995,TRUE
5N1AN0NW4EN356055,Ford,E-Series,Teal,1991,TRUE
SAJWA0FB4BL354994,Chevrolet,Astro,Mauv,1992,FALSE
WBAPH5C59AA717811,Dodge,Ram 2500,Khaki,2010,FALSE
1G4HJ5EM5AU826583,Chrysler,LeBaron,Purple,1993,TRUE
JHMZF1C44DS603312,Toyota,Sequoia,Fuscia,2009,TRUE
WAUVT58E15A784231,Buick,Skylark,Purple,1985,TRUE
1HGCR2F34EA536310,Pontiac,Bonneville,Crimson,2001,FALSE
5NPDH4AEXFH402616,Mazda,MX-3,Blue,1993,FALSE
2T1BPRHE1EC901531,Ford,ZX2,Khaki,2003,TRUE
WBALM73579E329910,Lotus,Esprit,Fuscia,1985,TRUE
1G6DB8E55E0308063,Ford,Aerostar,Purple,1987,FALSE
2T2BC1BA1FC958053,Toyota,MR2,Green,2001,FALSE
5NPDH4AE0EH760046,Dodge,Intrepid,Goldenrod,1999,TRUE
5J6TF2H58FL689729,Buick,Riviera,Indigo,1990,FALSE
SCBLE47K18C267237,GMC,Savana 2500,Mauv,2005,FALSE
WAUHE78PX9A146618,Hummer,H2,Goldenrod,2004,TRUE
WBAVL1C56FV805648,Mercury,Cougar,Red,2002,FALSE
5TFBY5F19CX138761,Mitsubishi,Eclipse,Indigo,1995,FALSE
2HNYD28558H760462,Volkswagen,Golf,Aquamarine,2006,FALSE
1N6AA0CC6DN493079,Cadillac,Escalade,Khaki,2008,FALSE
WVGAV7AX4BW480498,Mitsubishi,Montero,Green,2005,TRUE
5N1AN0NUXAC432334,Volvo,S40,Mauv,2006,FALSE
55SWF4JB4FU817819,Lexus,IS F,Purple,2008,TRUE
WAUMFAFR4FA315590,Chevrolet,Camaro,Purple,1968,FALSE
1G6DK67V280287162,BMW,745,Mauv,2005,TRUE
WBASP2C55BC945287,Ford,F350,Maroon,2012,FALSE
TRUB3AFK0D1427294,Volkswagen,Golf,Blue,1994,FALSE
WVGEF9BPXED879229,Audi,4000s Quattro,Green,1986,FALSE
5NPDH4AEXDH090875,Dodge,Challenger,Teal,2009,TRUE
1GD21ZCGXCZ842696,Infiniti,J,Blue,1996,FALSE
19UUA96239A494536,Volkswagen,Jetta,Turquoise,2001,FALSE
WAUVT58E43A080618,Chevrolet,Express 1500,Orange,2008,TRUE
4USFE83567L324056,Toyota,Camry Solara,Blue,2007,FALSE
JM1CR2W3XA0690700,Nissan,Frontier,Yellow,2010,TRUE
WBAUU3C58AA936536,Subaru,Legacy,Puce,1997,TRUE
1G6AC5SX6D0710421,Toyota,Previa,Green,1992,FALSE
1N6BF0KL4FN247254,Aston Martin,Vanquish S,Goldenrod,2006,TRUE
WAUAFAFL9CN424193,Ford,F250,Violet,2011,TRUE
WAUAH68D11A666624,Land Rover,Range Rover,Crimson,1988,FALSE
1G6AH5S3XF0909621,Toyota,Avalon,Maroon,1999,FALSE
JTHBL5EF2F5290892,GMC,Yukon,Violet,1999,TRUE
JTEBU5JR2E5798725,Chevrolet,Monte Carlo,Purple,2001,TRUE
2D4RN5D17AR990308,Honda,Ridgeline,Crimson,2012,TRUE
5FRYD3H64GB114143,Subaru,Justy,Violet,1994,TRUE
JN1CV6FE6DM731716,Porsche,968,Mauv,1994,FALSE
WAU3FAFR6CA473310,Ford,Aerostar,Orange,1987,FALSE
1N6BF0KM1FN355789,Honda,CR-V,Indigo,1997,TRUE
WVWAB7AJ3DW810305,Nissan,Quest,Indigo,2012,FALSE
1N6AA0ECXEN977318,Chevrolet,Colorado,Turquoise,2011,TRUE
1HGCR2E30DA900920,Plymouth,Colt Vista,Green,1994,FALSE
JTDKDTB37C1918218,Acura,MDX,Teal,2012,FALSE
TRUWT28N331977201,MINI,Cooper Clubman,Turquoise,2008,TRUE
1C6RD6LP1CS989210,Mazda,Mazdaspeed6,Khaki,2007,FALSE
3VW4S7AT1EM660336,Chrysler,300M,Violet,2000,FALSE
WDDGF4HB0CA053585,Isuzu,Rodeo,Red,2000,TRUE
WAUEFAFL6EN434586,Chevrolet,Silverado 2500,Goldenrod,2001,FALSE
WAUJT68E73A942170,Toyota,Tundra,Aquamarine,2007,FALSE
5BZAF0AA2FN225770,Chevrolet,Camaro,Khaki,1972,TRUE
JH4DC23141S021205,Audi,A6,Fuscia,2003,FALSE
1C4RJEAG1FC346255,GMC,Sierra 1500,Blue,2013,FALSE
1C4RDJDG4EC794046,Jeep,Liberty,Orange,2008,FALSE
WBAKA83509C892268,Ford,Probe,Aquamarine,1994,FALSE
WAUCF78K19N409552,Mercury,Cougar,Purple,1988,TRUE
WAU4FAFR6DA334672,Toyota,Echo,Fuscia,2001,TRUE
TRURD38J491343577,Volkswagen,Tiguan,Goldenrod,2011,TRUE
1FMJK1K56AE009537,Toyota,Avalon,Fuscia,2012,TRUE
3D7TT2CT0AG265655,Ford,Expedition,Violet,2010,TRUE
1YVHZ8BHXD5801516,Porsche,911,Violet,1985,TRUE
1C3CDZAB8EN088185,Nissan,200SX,Puce,1998,TRUE
2C3CDXDT7DH275207,Toyota,Corolla,Goldenrod,2010,FALSE
1D7RB1GK6BS141070,Scion,xB,Red,2004,TRUE
2T3BFREVXFW799872,Bentley,Azure,Khaki,2006,FALSE
JH4KB16677C224202,Saab,09-Mar,Orange,2005,FALSE
WBA3V7C52EP400040,Mercedes-Benz,SL-Class,Goldenrod,1997,TRUE
5J8TB3H35DL298154,Lincoln,MKX,Indigo,2012,FALSE
KMHTC6AD2EU888352,Toyota,Tacoma,Fuscia,2007,TRUE
1G4PT5SVXD4895891,Volvo,XC60,Indigo,2010,FALSE
WAUBF78E08A385482,Mitsubishi,Mirage,Violet,2001,TRUE
5UXKR0C55F0993167,Volkswagen,Eurovan,Yellow,2001,TRUE
19VDE3F76EE445715,Toyota,FJ Cruiser,Green,2012,TRUE
SCFAD01A45G726346,Audi,Cabriolet,Goldenrod,1995,TRUE
19UUA66265A273862,Toyota,Tercel,Crimson,1997,FALSE
WA1WKBFP2AA581088,Cadillac,Fleetwood,Yellow,1993,TRUE
3VW507AT1FM396417,Acura,MDX,Crimson,2001,TRUE
JTJBC1BA7D2593522,Mercedes-Benz,R-Class,Blue,2012,FALSE
JN8CS1MW4EM469446,Jeep,Wrangler,Teal,1998,FALSE
WP0AA2A98AS993781,Suzuki,Aerio,Violet,2007,FALSE
WAUJF98K19N463050,Cadillac,Fleetwood,Green,1954,TRUE
WAUVC68E75A423866,Ford,Expedition,Purple,2000,FALSE
1FMJK1HT5FE366883,MINI,Cooper Clubman,Purple,2009,FALSE
4T1BF1FK4FU553706,Honda,Civic Si,Pink,2005,TRUE
WUAUUAFG9EN224929,Toyota,Yaris,Turquoise,2009,TRUE
WBAWB33599P254577,BMW,550,Orange,2006,TRUE
5YMGZ0C58BL904439,Subaru,Outback,Purple,2003,FALSE
WVGAV3AXXEW055395,Isuzu,Rodeo,Orange,2002,FALSE
1FMJK1H50BE350814,Volkswagen,Golf,Orange,1992,FALSE
WAUCVAFR8BA769821,Toyota,Paseo,Orange,1997,TRUE
5GADT13S272366795,Buick,Reatta,Puce,1990,TRUE
3D73M3CL6AG510221,Studebaker,Avanti,Yellow,1964,FALSE
WAUYGBFC7CN279432,Land Rover,Range Rover Sport,Crimson,2010,TRUE
1G6KD57Y45U162903,Pontiac,Grand Prix,Crimson,2003,FALSE
5TDBCRFH1FS991474,Mercedes-Benz,CL-Class,Mauv,1998,FALSE
WAUDH78E17A614835,Toyota,Tacoma,Fuscia,2007,TRUE
1GYS4MKJ8FR308851,Lexus,RX Hybrid,Teal,2011,TRUE
JTEBU5JR1C5637151,Saturn,Aura,Yellow,2008,TRUE
5UXZV8C51BL005223,Dodge,Challenger,Indigo,2011,FALSE
2G4GZ5GV2B9187443,Pontiac,GTO,Purple,2005,TRUE
5FRYD4H67EB524518,Toyota,Echo,Violet,2002,TRUE
2C4RDGAG4CR019306,Toyota,Camry,Goldenrod,2000,FALSE
WAURD68D72A061524,Mazda,RX-7,Aquamarine,1987,FALSE
WP0AA2A92DS565127,Ford,Escort,Mauv,1984,TRUE
3C6JD6AK4CG366451,Chevrolet,Express 2500,Pink,2009,TRUE
1C3BCBGG4EN408630,Chrysler,Concorde,Indigo,1995,TRUE
1GYFK532X9R022038,Volkswagen,Passat,Crimson,2002,TRUE
5UXFA935X6L248104,Toyota,MR2,Orange,1987,TRUE
1N6AD0CUXBC662724,Toyota,Land Cruiser,Fuscia,2009,TRUE
137ZA90391E056304,Nissan,Pathfinder,Crimson,2010,FALSE
1HGCR6F36EA882625,Ford,Ranger,Green,1991,FALSE
1C4RJEAG2EC444757,Ford,Focus,Pink,2011,FALSE
1G6DM5E36D0852285,Dodge,Ram Van 2500,Violet,1996,TRUE
WAUCD64B94N162294,Ford,F450,Khaki,2010,TRUE
WAUJT64B84N853553,Ford,Crown Victoria,Green,2001,TRUE
1FMJK1H51DE924162,Infiniti,G,Green,2003,FALSE
1G6DG1E35E0924210,GMC,Rally Wagon 1500,Red,1992,TRUE
WAUAF78E25A148208,Buick,LeSabre,Maroon,2004,TRUE
WAUXL58E05A895751,Ford,E250,Blue,2008,FALSE
1N6AA0EC5FN029085,Nissan,Sentra,Yellow,1995,FALSE
WP0AB2A85FK571995,Chevrolet,Suburban 1500,Blue,1994,TRUE
5N1AR1NB6AC861852,Volkswagen,Fox,Fuscia,1989,TRUE
2G4WF551X41130378,Chevrolet,Corvette,Teal,1960,TRUE
1FTFW1E87AK914374,Ford,Mustang,Orange,1974,FALSE
WP0AB2A83CS305905,Dodge,Ram Van B150,Mauv,1993,TRUE
4T1BK3DB7CU174897,Chevrolet,Silverado 3500,Green,2012,FALSE
WBAEA53558C878652,Ford,E-Series,Pink,1986,FALSE
WAUEL74F35N626945,Bentley,Continental,Pink,2006,TRUE
WBA1F5C56EV601136,Hyundai,Accent,Turquoise,1995,FALSE
JTHBE5C22B5508611,Volkswagen,Golf,Maroon,2006,FALSE
3GTXCYEJ5AG453856,BMW,Z4,Fuscia,2004,FALSE
2T1BURHE8FC647231,Suzuki,Daewoo Lacetti,Green,2005,FALSE
2C4RDGCG0FR535860,Chevrolet,Caprice Classic,Puce,1995,TRUE
WAUDH94F88N417780,Chevrolet,Equinox,Orange,2007,TRUE
WAUDH78E68A661344,GMC,Jimmy,Fuscia,1996,FALSE
WBA3B9G55FN627993,Ford,Escort,Khaki,1989,FALSE
YV140MAB0F1404714,Audi,Q7,Fuscia,2011,TRUE
1G6DC1E35E0604686,Toyota,Camry,Turquoise,1997,FALSE
1FTWW3DY5AE619687,Jeep,Compass,Puce,2008,TRUE
2G4WC532751661494,Ford,Taurus,Green,1986,TRUE
WBA5A5C51ED420791,GMC,Safari,Teal,1996,TRUE
JH4CU2E60BC784819,Saab,09-Mar,Violet,2012,FALSE
1GKS1KE03ER775992,Lincoln,Navigator,Turquoise,1999,FALSE
1GYS3GEF5DR923978,Honda,Insight,Blue,2000,TRUE
1FTSX2A59AE404362,Ford,Explorer,Red,2001,FALSE
1C6RD6FK4CS321918,Aston Martin,V12 Vantage,Goldenrod,2012,FALSE
WA1AV94L79D455443,Buick,Regal,Red,1987,FALSE
JH4KA96672C077745,Acura,Integra,Aquamarine,1995,TRUE
JM1NC2MF3E0918999,Bentley,Continental,Purple,2009,FALSE
1G6KD54YX3U405230,Kia,Rondo,Blue,2007,FALSE
WAULT68E45A895708,Hyundai,Entourage,Fuscia,2009,FALSE
1G4GD5GRXCF260553,Honda,Accord,Maroon,1998,TRUE
2T1BU4EE8BC801759,Porsche,944,Red,1984,TRUE
2G61V5S37D9500424,Mercedes-Benz,E-Class,Yellow,1994,FALSE
2C3CA2CV0AH380102,Dodge,Ram 1500 Club,Pink,2001,FALSE
WAU4GAFB6AN475584,Mazda,MX-6,Turquoise,1997,TRUE
1FTEX1E84AF900708,GMC,Rally Wagon 1500,Yellow,1993,FALSE
WBA1K5C57FV646597,Nissan,Frontier,Puce,2009,TRUE
1GYS4JKJ0FR391531,Isuzu,i-Series,Aquamarine,2008,FALSE
WA1LGBFE0DD367335,Volkswagen,GTI,Indigo,1988,FALSE
19UUA9F2XCA943346,Buick,Riviera,Turquoise,1992,TRUE
1FTWW3B56AE909462,Mitsubishi,Mighty Max,Fuscia,1986,TRUE
WA1C8BFP0FA188747,Saab,900,Khaki,1990,TRUE
WBA3A5G52CN449452,Saab,9000,Khaki,1988,TRUE
3D7TT2CT5AG273735,Jaguar,XK,Aquamarine,2006,TRUE
2G4WD582361456262,Maserati,Quattroporte,Green,2010,FALSE
1D7RW5GK6BS471545,Buick,LeSabre,Pink,1992,FALSE
WBANB335X4B391089,Dodge,Ram 3500,Teal,2004,TRUE
WAUTFAFHXAN571978,Audi,Q5,Orange,2009,FALSE
WAUAFAFL5AA209740,Mazda,RX-8,Violet,2010,FALSE
SAJWA4GBXEL685962,GMC,Sonoma,Teal,2001,TRUE
JTDBT4K3XA1023277,Land Rover,Range Rover,Pink,1997,FALSE
WBAXG5C5XDD201804,Audi,S5,Teal,2009,TRUE
WAUAH98E68A066055,Cadillac,Escalade,Orange,1999,FALSE
SAJWA4FB1EL162170,Mazda,Mazda5,Teal,2012,FALSE
1G6DA1ED4B0348146,Volkswagen,New Beetle,Pink,1998,TRUE
WVWAP7AN8EE437676,Volkswagen,Jetta,Goldenrod,1996,TRUE
1N4AB7AP2DN415807,Nissan,Quest,Green,1999,TRUE
1D7RB1CP2BS864383,GMC,2500,Puce,1999,FALSE
SALAG2D40BA562267,Lexus,LX,Turquoise,2008,TRUE
5N1AN0NW7FN015444,Ford,F-Series,Pink,1989,TRUE
2C4RDGBG4ER211262,Mercedes-Benz,W201,Pink,1985,FALSE
WA1WYBFE5AD714616,Pontiac,Firebird,Turquoise,1992,TRUE
5LMJJ3H52AE889349,Volvo,S60,Khaki,2005,FALSE
WBAYE0C53DD932183,Toyota,T100,Indigo,1993,FALSE
2G4GS5EV9C9723751,GMC,Sierra 1500,Aquamarine,2009,TRUE
1G6DM8ED0B0347057,Chevrolet,Lumina,Green,1994,TRUE
WBAUU33579A963724,Toyota,Echo,Red,2003,FALSE
WAUMGAFL2BA109803,Mercedes-Benz,CLK-Class,Maroon,1998,FALSE
WAUFFAFL3AA536191,Oldsmobile,88,Crimson,1996,TRUE
1FTEX1E80AF115277,Nissan,JUKE,Crimson,2012,TRUE
WAUAFAFL5AA618921,Ford,Explorer,Maroon,1993,FALSE
2C3CDXGJ3DH694410,Mitsubishi,L300,Purple,1988,FALSE
1FTMF1CW5AK623591,Toyota,Prius,Crimson,2007,FALSE
1FTMF1E86AK019417,MINI,Cooper Countryman,Violet,2011,TRUE
WBAVC935X7K509212,Lincoln,Blackwood,Red,2003,TRUE
WBA5A7C58FG467909,Cadillac,DeVille,Purple,1995,TRUE
1FMJK1G54CE301215,Toyota,4Runner,Blue,1995,TRUE
WBAUP7C52AV991877,Lincoln,Navigator,Puce,2010,TRUE
YV126MFD6F1888663,Chevrolet,Colorado,Pink,2012,FALSE
1GYS3MKJ2FR666207,Oldsmobile,Alero,Violet,2003,FALSE
1FTFW1E87AK939789,Ford,Ranger,Orange,1994,FALSE
3VW217AU3FM317502,Toyota,Camry Hybrid,Pink,2008,TRUE
3LNDL2L39CR688817,Mitsubishi,3000GT,Crimson,1999,TRUE
KNADH4A39A6033746,Eagle,Summit,Purple,1992,TRUE
WDDEJ7EB9EA361613,Ram,2500,Turquoise,2012,FALSE
TRUWT28N941318573,Mazda,Mazdaspeed 3,Khaki,2011,TRUE
VNKKTUD3XFA558783,BMW,X3,Red,2011,FALSE
1N4AB7AP6DN087470,Lexus,ES,Purple,1989,FALSE
1GD220CGXCZ844599,Nissan,300ZX,Violet,1996,TRUE
WA1MYBFE2AD950714,Nissan,Rogue,Goldenrod,2011,TRUE
1GYUKDEF0AR898459,Subaru,Brat,Green,1984,TRUE
19XFB4F29FE486702,Volkswagen,New Beetle,Purple,2002,TRUE
WAULC68E43A143228,Infiniti,QX,Fuscia,2010,TRUE
WAUKG78E65A230914,Pontiac,Firefly,Violet,1995,TRUE
JH4CW2H67EC897791,Bentley,Continental GT,Indigo,2006,TRUE
5TDBCRFH8FS187124,Infiniti,G,Maroon,2006,FALSE
WAUCFAFC8DN941415,GMC,Savana 3500,Turquoise,2002,TRUE
1FTEW1E87AF063858,Suzuki,Sidekick,Blue,1997,TRUE
JH4CU2F64BC466068,Dodge,Grand Caravan,Mauv,1996,TRUE
1GYFK56279R896990,Dodge,Durango,Blue,2007,FALSE
WA1VMAFE6CD346838,Lexus,LFA,Red,2012,TRUE
3GYEK62N34G893448,Chrysler,Town & Country,Red,2011,TRUE
SALVN2BG1DH764193,Chrysler,LHS,Turquoise,1996,TRUE
1G4HP54K02U651790,Honda,Civic Si,Blue,2005,FALSE
2G4WS55JX31953015,Mercedes-Benz,CLK-Class,Teal,2005,TRUE
WAUSF78E27A724841,Bentley,Continental Super,Turquoise,2011,FALSE
YV4612HK1F1324969,Acura,MDX,Crimson,2004,TRUE
4T1BF1FKXEU668812,GMC,Sierra 3500,Aquamarine,2002,TRUE
JN1AZ4EH7EM808154,Subaru,Legacy,Indigo,2012,TRUE
WBAYA8C58FG086712,Mercedes-Benz,400SEL,Fuscia,1993,FALSE
WBAVC73518K380122,Chevrolet,Camaro,Green,1977,FALSE
WBAVB17546N698094,Nissan,Sentra,Aquamarine,1991,FALSE
1GYEC63T53R845989,Toyota,Land Cruiser,Maroon,2000,FALSE
2C3CDYAG8EH213846,Chevrolet,Silverado 1500,Aquamarine,2012,TRUE
KNADH4A33B6264935,Dodge,Viper RT/10,Pink,1994,FALSE
WP0AA2A90BS099081,BMW,8 Series,Turquoise,1997,TRUE
JN8AZ2KR9AT495756,Mercedes-Benz,400E,Aquamarine,1993,TRUE
WBA1J7C5XEV029191,Volvo,C70,Green,2009,TRUE
WAUPN94E99N964751,Plymouth,Voyager,Puce,1997,TRUE
3MZBM1K7XEM858767,Mitsubishi,Lancer Evolution,Fuscia,2004,TRUE
2B3CA8CT6AH363903,Toyota,Tacoma,Purple,2000,TRUE
5J8TB2H21CA178489,Nissan,Sentra,Mauv,1991,TRUE
3VW507AT2FM206897,BMW,X6,Violet,2009,TRUE
SCBLE47K99C116986,Oldsmobile,Cutlass Cruiser,Red,1994,TRUE
JN1AZ4EH6FM645997,Chevrolet,Suburban 2500,Green,1992,FALSE
5UXFA93585L396993,Lincoln,Continental Mark VII,Indigo,1991,FALSE
JTHHE5BCXF5663112,Dodge,Caravan,Purple,2012,TRUE
WAUPN44E27N489783,Ford,Fiesta,Mauv,2011,TRUE
5N1AT2MK3FC335162,GMC,Suburban 1500,Blue,1995,TRUE
3FAHP0KC2AR569414,Volvo,XC70,Green,2009,FALSE
1FTEX1C84AK539376,Suzuki,Cultus,Pink,1985,FALSE
2T2BK1BA9EC376669,Toyota,RAV4,Khaki,1997,FALSE
WUAPV54B13N249815,Cadillac,CTS-V,Fuscia,2007,FALSE
YV4952CF1D1194944,Maserati,GranTurismo,Teal,2008,TRUE
SALME1D41BA143812,Land Rover,Range Rover Sport,Yellow,2011,TRUE
3VW1K7AJ4DM448112,Buick,Century,Khaki,2001,FALSE
WBAWL73519P585304,Mercedes-Benz,SLK55 AMG,Violet,2009,TRUE
3GYFNJE43AS739476,Ford,Econoline E350,Blue,1999,TRUE
1ZVBP8AM1C5010223,GMC,Savana 3500,Puce,2002,TRUE
WAUVFAFH6AN976423,Mitsubishi,Pajero,Crimson,1992,TRUE
5UXFG2C52CL156504,Ford,Freestar,Khaki,2006,TRUE
1N4AA5AP4CC970209,Toyota,Camry Solara,Khaki,2008,FALSE
WDBSK7BA2CF560376,BMW,M Roadster,Blue,2008,FALSE
WP0AA2A95CS016455,Lexus,ES,Red,1992,TRUE
1G6DP8EV1A0854290,Mazda,626,Fuscia,2001,FALSE
1G6DK1ED7B0256204,Mercury,Sable,Violet,1995,TRUE
WA1CV74L17D130796,Chevrolet,Suburban 2500,Goldenrod,1994,TRUE
SALVP2BG6FH295180,Porsche,911,Purple,2004,TRUE
WP0AA2A92CS515200,Porsche,911,Green,1998,TRUE
19XFA1E67AE199759,Cadillac,DTS,Fuscia,2006,TRUE
1G6DS5EV5A0046182,Dodge,Stratus,Khaki,2005,FALSE
WBAUU3C50AA604784,Ford,Expedition,Crimson,2001,TRUE
WBANA53594B357434,Hyundai,Sonata,Goldenrod,2007,TRUE
JA32X8HW0EU210074,Mitsubishi,Eclipse,Red,1993,FALSE
WBANW53558C832059,Chevrolet,Suburban 2500,Yellow,2012,TRUE
JN8AZ1MU5CW201363,Audi,TT,Orange,2001,FALSE
1N4AA5AP8AC768597,Kia,Sportage,Goldenrod,2011,TRUE
1G6KD57Y09U853111,Volkswagen,GTI,Aquamarine,1993,TRUE
1G6AJ5S35F0975109,Chevrolet,Silverado 2500,Turquoise,2008,FALSE
WBAUT93589A660716,GMC,Jimmy,Khaki,1998,FALSE
5FRYD4H41GB035405,Lincoln,Continental Mark VII,Teal,1992,TRUE
4USBU33596L317444,Chevrolet,Corsica,Goldenrod,1993,TRUE
WA1AV74L87D583109,Acura,RDX,Violet,2007,FALSE
2B3CL5CT5BH766636,Ford,Escape,Aquamarine,2006,FALSE
1C3BCBEB0DN256769,Cadillac,Escalade,Green,2004,FALSE
WVWAB7AJ2DW944934,Plymouth,Neon,Yellow,1996,TRUE
3C3CFFBR7DT298215,Chevrolet,Lumina APV,Violet,1993,TRUE
2HNYD18945H829599,Porsche,911,Purple,2000,TRUE
5BZBF0AA7FN159592,Dodge,Ram Wagon B250,Orange,1992,FALSE
1N4AL2AP5AN941926,Chevrolet,Avalanche 1500,Teal,2003,FALSE
WDDPK5HAXFF443254,Audi,A6,Maroon,1999,FALSE
1N6AF0LX4FN545414,Honda,Civic,Yellow,1980,FALSE
YV1952ASXD1684585,BMW,5 Series,Goldenrod,2003,FALSE
WAUJC68E94A341943,Lamborghini,Diablo,Red,1990,FALSE
JTDKTUD39DD024193,GMC,Sierra 3500,Maroon,2012,FALSE
JTDBT4K31A1416049,Ford,Bronco,Aquamarine,1987,FALSE
2G4WS55J641311344,Nissan,Titan,Indigo,2005,FALSE
1G6KD57YX9U382813,Volvo,V70,Blue,2006,FALSE
WBAFU7C58BC255928,Ford,Focus ST,Puce,2013,TRUE
WBSDX9C53CE505345,GMC,Safari,Crimson,1993,TRUE
5UXFG83518L936276,Chevrolet,Corvette,Turquoise,1953,FALSE
JTDZN3EU2FJ058992,Hummer,H2,Orange,2006,TRUE
3C63DRLL3CG189990,Ferrari,599 GTB Fiorano,Pink,2010,TRUE
WAUVC68E73A818045,Toyota,Tundra,Violet,2003,FALSE
KMHHU6KJ5FU735022,Honda,Civic,Mauv,2000,TRUE
WBAPH57569N366676,Nissan,Xterra,Blue,2006,TRUE
KMHGH4JH7CU575028,Mazda,Familia,Khaki,1990,TRUE
WAULC68E25A596136,Mercury,Monterey,Mauv,2007,TRUE
JTEBU4BF7AK330225,Audi,Quattro,Goldenrod,1985,FALSE
SCFAB01A87G220169,Plymouth,Voyager,Teal,1999,FALSE
2B3CK8CT1AH976802,Infiniti,QX,Blue,2008,TRUE
JN1CV6APXAM820001,Kia,Rondo,Khaki,2007,FALSE
JH4CU25629C266771,Pontiac,Sunbird,Goldenrod,1992,TRUE
3N1AB6AP3BL125404,Toyota,Celica,Green,2000,TRUE
5UXFE43508L719008,Mazda,929,Red,1989,TRUE
2HKRM3H3XCH563754,Subaru,Outback,Indigo,2003,FALSE
JH4CW2H56DC132755,Mercedes-Benz,E-Class,Purple,2003,TRUE
WAUEH78E37A960275,Volkswagen,Passat,Purple,1990,TRUE
WA1CV74L37D730901,Infiniti,G,Fuscia,1993,TRUE
3GYFNCE32FS141227,Pontiac,Grand Prix Turbo,Mauv,1990,FALSE
1GYS4GEF3DR749048,Lincoln,Continental,Purple,1985,TRUE
WUARL48H85K585618,Volvo,V70,Khaki,2002,TRUE
WAUWFAFH0EN929589,Chevrolet,Astro,Mauv,1994,TRUE
WBAEU33453P312415,Mercedes-Benz,Sprinter 3500,Pink,2012,TRUE
WP0AA2A93BS566218,Mercedes-Benz,S-Class,Teal,1999,TRUE
WA1YD64B52N653378,Toyota,Venza,Red,2009,FALSE
5UXKR6C59E0424503,Audi,A4,Puce,2009,FALSE
2C4RDGBG5FR244028,BMW,X6,Goldenrod,2011,FALSE
JM1DE1HY3B0165482,Toyota,Prius,Khaki,2008,TRUE
19UUA8F2XEA068203,Lincoln,MKZ,Indigo,2011,TRUE
WAUDL74F95N343266,Toyota,MR2,Pink,1993,TRUE
JTHDU1EF3B5952651,BMW,745,Goldenrod,2004,FALSE
YV1672MW4B2173960,GMC,Suburban 2500,Blue,1998,FALSE
2G61R5S3XF9098633,Chevrolet,G-Series G30,Red,1994,FALSE
1GTPCTEX1AZ894780,Aston Martin,Vantage,Indigo,2009,TRUE
2C4RDGAG7CR096980,Buick,Rendezvous,Yellow,2002,TRUE
WVWED7AJ4BW057747,Dodge,Durango,Yellow,1999,TRUE
1G6KD57Y86U873330,Dodge,Ram 1500 Club,Yellow,1995,TRUE
JTEBU5JR2C5402533,Honda,Accord,Pink,2012,FALSE
SAJWA0F77F8505511,Acura,RL,Maroon,2007,TRUE
WA1VMAFE3AD683223,Toyota,Land Cruiser,Blue,1993,FALSE
5UXWX9C55DL512437,Ford,Fiesta,Blue,2013,FALSE
1FTEX1CM4DK046198,Toyota,Tundra,Goldenrod,2009,TRUE
WDBWK5EA0BF853936,Ford,F-Series Super Duty,Mauv,2010,FALSE
1N6AA0CH9EN284349,Pontiac,Grand Am,Orange,2000,FALSE
1G6DM5E3XC0636003,Pontiac,Sunbird,Pink,1984,TRUE
1D7RV1CP8AS776041,Hyundai,Santa Fe,Green,2012,TRUE
SAJWA4HA8EM560183,Chevrolet,Cobalt SS,Blue,2009,TRUE
WBAUP9C54AV776755,Honda,Civic,Khaki,1990,FALSE
2FMGK5DCXAB351260,Hyundai,Veracruz,Goldenrod,2011,TRUE
JN8AS1MU0BM038734,Ford,Tempo,Teal,1990,FALSE
KMHDB8AE1CU042688,Hyundai,Genesis Coupe,Red,2013,FALSE
WA1BV74LX8D701215,Mercedes-Benz,CL-Class,Khaki,2004,FALSE
1FTEX1CM9BF342422,Mercedes-Benz,500SEL,Blue,1992,TRUE
4USBT33584L614401,Honda,Ridgeline,Goldenrod,2011,FALSE
WBADR63411G874243,Mitsubishi,Diamante,Crimson,1993,FALSE
WP0AA2A97DS215850,Pontiac,Gemini,Violet,1986,FALSE
3VW517AT7FM396130,Chevrolet,Equinox,Violet,2009,FALSE
KNAFU5A2XC5264259,Chrysler,LHS,Khaki,1994,FALSE
KNADH4A36B6519318,Chevrolet,Uplander,Orange,2008,FALSE
4F2CY0C71BK215358,Buick,Century,Mauv,1989,FALSE
1G6KE54Y05U907681,Honda,CR-V,Maroon,2005,FALSE
WAUEH78E37A937482,Oldsmobile,Silhouette,Turquoise,1997,FALSE
YV1952AS1E1997235,Subaru,Alcyone SVX,Red,1994,TRUE
3N1CN7AP2EL533919,Mercury,Sable,Green,2003,FALSE
3D7TT2HT9BG959478,Ford,Windstar,Turquoise,2002,FALSE
1G6DA8EG3A0559761,BMW,6 Series,Violet,2006,TRUE
WAUSF78K59N622841,Buick,LeSabre,Orange,1985,FALSE
19VDE1F74DE052203,Volkswagen,Golf,Maroon,2001,FALSE
YV1902FH5D1308615,Mercedes-Benz,G-Class,Maroon,2009,TRUE
WAUEV94F88N549211,Suzuki,Swift,Goldenrod,1994,FALSE
5N1AR2MM8DC733643,Cadillac,Escalade ESV,Indigo,2006,TRUE
5NPDH4AE2DH337838,Chevrolet,Suburban 2500,Violet,1998,TRUE
1FTEW1CF8FF632869,Porsche,Boxster,Aquamarine,2007,FALSE
WP0AA2A88CU538248,Mitsubishi,Outlander,Purple,2006,FALSE
2B3CK2CV3AH238742,Pontiac,Safari,Green,1986,FALSE
WBA3C1C53CA080892,Ford,Bronco,Mauv,1985,FALSE
JTDKN3DU5B0597268,Ford,Escort,Red,1999,TRUE
WA1BY94L67D872612,Lincoln,MKZ,Mauv,2011,TRUE
WAUAH78EX7A350470,Chevrolet,Express 3500,Violet,2008,FALSE
WBA3C3G52EN849867,GMC,1500 Club Coupe,Orange,1993,TRUE
YV1672MK2C2421265,Honda,Insight,Orange,2012,FALSE
SCBCU7ZA3AC779290,Maserati,GranSport,Purple,2006,FALSE
WBAKF9C53DE683756,Suzuki,Equator,Red,2012,FALSE
JH4CU26629C262220,Suzuki,X-90,Violet,1997,FALSE
YV1940AS2B1496700,Chevrolet,Express 2500,Fuscia,2012,FALSE
1G4PR5SK2D4978364,Chrysler,PT Cruiser,Pink,2010,FALSE
JM3TB2CA5D0919609,Audi,S4,Yellow,2007,TRUE
WAULT58E94A971061,Scion,tC,Indigo,2008,TRUE
WD3PE7DC7F5880746,Dodge,Stratus,Violet,1997,TRUE
JTHFF2C28D2404240,Toyota,Avalon,Maroon,1995,FALSE
WAULC58E95A937638,BMW,M3,Khaki,1997,TRUE
3GYT4LEF1CG550219,Honda,Passport,Pink,1997,TRUE
1N6AA0ED5FN077453,Toyota,MR2,Khaki,2000,FALSE
1FTNF2B58AE375905,Jeep,Liberty,Orange,2004,TRUE
JH4NA21631T088557,Nissan,Quest,Khaki,1997,TRUE
1GYFC26279R049057,Dodge,Intrepid,Crimson,2002,TRUE
2C3CA9CT4AH665537,Hummer,H1,Maroon,2006,TRUE
SCBCR7ZA9AC971962,Mazda,626,Green,2002,FALSE
1G6KD57Y89U342732,Toyota,Celica,Mauv,1994,FALSE
2C3CA2CV3AH164129,Land Rover,Defender,Yellow,1992,FALSE
WBALY1C5XED870984,Isuzu,Rodeo,Crimson,1998,FALSE
1G6DM56T650208611,Chevrolet,Lumina,Crimson,1995,TRUE
KNAFU6A24C5665764,Mazda,Mazda5,Crimson,2006,TRUE
3D73Y4CL3BG035316,Ford,F350,Khaki,2002,FALSE
SCFFDABM5DG377698,Bentley,Continental Super,Goldenrod,2012,TRUE
WVGFG9BP3CD088524,Ford,Econoline E350,Puce,1992,FALSE
WAUEH48H27K570805,Chrysler,Sebring,Puce,1997,FALSE
WAUGL98E96A049224,Volvo,S80,Teal,2011,FALSE
WA1LGAFE5CD571198,Ford,Mustang,Khaki,1985,TRUE
3VW1K7AJ3DM132247,Jeep,Liberty,Crimson,2011,FALSE
1FTEW1CM2DF231197,Rolls-Royce,Ghost,Turquoise,2012,FALSE
WBAET37423N477413,Buick,Lucerne,Fuscia,2010,TRUE
KMHTC6AD9CU961438,Acura,Integra,Pink,1988,FALSE
WDCYC3HF3FX831796,Buick,Regal,Maroon,1997,TRUE
5NMSG3AB1AH847360,Ford,Transit Connect,Green,2013,TRUE
1GYUKKEF5AR187022,Volkswagen,Jetta,Indigo,1988,TRUE
KM8JT3AB9BU999982,Chevrolet,Corvette,Orange,2010,TRUE
KMHHT6KJXFU946252,Nissan,300ZX,Violet,1996,FALSE
2T1BURHE2FC765257,Infiniti,G,Maroon,2007,FALSE
2T1KE4EE1AC944127,Toyota,Land Cruiser,Purple,1992,FALSE
4T3BA3BB3FU351804,GMC,Yukon,Crimson,1999,FALSE
3VW4A7AT2DM789462,Buick,Park Avenue,Mauv,2000,TRUE
5GAER23D09J316562,Nissan,Quest,Khaki,2000,FALSE
1FMCU4K31AK803768,Toyota,Prius,Mauv,2002,FALSE
WAUCH74F89N073689,Kia,Sephia,Yellow,1994,FALSE
5LMJJ3J55DE911097,BMW,8 Series,Violet,1996,FALSE
5N1BA0ND4FN750767,Audi,S8,Aquamarine,2008,TRUE
1D7RV1CT8BS508735,Maybach,62,Aquamarine,2004,TRUE
2G4GU5GV0C9168504,Nissan,240SX,Khaki,1994,TRUE
W06VR54R81R715690,Oldsmobile,Cutlass Supreme,Purple,1993,TRUE
1GYFK63847R097471,Chevrolet,Silverado 3500,Green,2011,FALSE
WBAHL83506D664829,Pontiac,Sunfire,Fuscia,2005,TRUE
3C3CFFDR2DT607747,Nissan,Maxima,Mauv,2008,FALSE
WBALL5C54CE450361,Aston Martin,DBS,Purple,2008,TRUE
WAUEF98E88A086959,Toyota,Prius,Fuscia,2004,FALSE
WAUMV44E77N387687,GMC,Yukon XL 1500,Indigo,2003,TRUE
JHMZE2H39DS601628,Saab,9000,Puce,1997,TRUE
WAUBH74F78N572851,Infiniti,FX,Goldenrod,2011,TRUE
WAUNF78P07A516682,Land Rover,Range Rover,Mauv,1997,FALSE
1C4RDJDG7DC098439,Chrysler,300,Red,2011,FALSE
WP0CB2A84FS969868,Bentley,Continental GT,Khaki,2010,FALSE
WBAYE8C52DD820859,Buick,Century,Indigo,1993,FALSE
1FTSW2A53AE502547,Bentley,Continental,Khaki,2008,FALSE
5BZBF0AA5FN615279,Mitsubishi,Lancer,Pink,2007,TRUE
3GYFNAE31CS474499,Toyota,Corolla,Teal,1994,TRUE
5YMGZ0C50E0353218,Chevrolet,Aveo,Green,2008,FALSE
WBAEH73454B774158,Scion,tC,Aquamarine,2011,FALSE
1C6RD6FK6CS299937,Subaru,Forester,Puce,1998,FALSE
19XFA1E65AE700776,Cadillac,Seville,Puce,1995,TRUE
3C6TD5GT4CG866449,Pontiac,6000,Khaki,1990,FALSE
1N6AF0KX5FN517736,GMC,3500,Turquoise,1994,TRUE
WBAWR33598P315954,Lincoln,Town Car,Khaki,2003,FALSE
1GYS3JEF0BR052174,Lexus,HS,Teal,2010,FALSE
WAU2GBFC4DN438401,Lexus,ES,Khaki,1991,TRUE
SAJWA4GC3EM680122,Jeep,Grand Cherokee,Yellow,1995,FALSE
WBABN53432J547084,Mercury,Monterey,Mauv,2006,TRUE
SCBLC37F25C883060,Acura,NSX,Purple,1998,FALSE
WA1C8BFP3DA149387,Chevrolet,G-Series G20,Khaki,1993,FALSE
KMHCT4AE3CU219937,Honda,Fit,Turquoise,2012,FALSE
19XFB4F21FE587555,Lincoln,Continental,Orange,2001,FALSE
WAUDH94F07N141738,Dodge,Avenger,Crimson,2012,TRUE
WVGAV7AX3FW345292,Mazda,RX-8,Teal,2005,TRUE
WAUHF78P96A366468,Mercury,Grand Marquis,Red,1987,TRUE
3FA6P0LU3DR657309,Chevrolet,S10,Indigo,2003,FALSE
KNAFT4A27A5539533,GMC,Sierra 2500,Crimson,1999,FALSE
5UXWX7C50CL686872,Toyota,RAV4,Turquoise,1996,TRUE
